ampyx,fjeld,chivw,bortz,gunks
flamb,expdt,chivw,grosz,junky
flank,expdt,chivw,grosz,jumby
frack,pbxes,vingt,jowly,zhmud
glaky,pbxes,chivw,fjord,muntz
jacky,pbxes,vingt,frowl,zhmud
jacky,pbxes,whing,mordv,fultz
jambs,expdt,chivw,klong,furzy
jambs,expdt,whilk,gconv,furzy
jambs,expwy,dhikr,gconv,fultz
japyx,becks,vingt,frowl,zhmud
japyx,becks,whing,mordv,fultz
japyx,bleck,vingt,frows,zhmud
japyx,breck,vingt,flows,zhmud
japyx,breck,vingt,fowls,zhmud
japyx,breck,vingt,wolfs,zhmud
japyx,brews,vingt,flock,zhmud
japyx,fleck,vingt,brows,zhmud
japyx,flegm,chivw,bortz,dunks
japyx,flegm,windz,bocks,thruv
japyx,flews,vingt,brock,zhmud
japyx,freck,vingt,blows,zhmud
japyx,freck,vingt,bowls,zhmud
japyx,freck,whigs,bovld,muntz
japyx,fremd,chivw,bongs,klutz
japyx,fremt,windz,block,vughs
japyx,grewt,bilks,fconv,zhmud
japyx,seqwl,vingt,brock,zhmud
japyx,seqwl,vingt,frock,zhmud
japyx,verbs,twick,flong,zhmud
japyx,whelk,fritz,gconv,dumbs
jarvy,pbxes,twick,flong,zhmud
mangy,pbxes,chivw,fjord,klutz
vangs,expwy,chimb,fjord,klutz
zarfs,expdt,chivw,klong,jumby
zarfs,expdt,whilk,gconv,jumby
flack,expwy,vingt,hdqrs,jumbo
pshav,wreck,zingy,fldxt,jumbo
vamps,benjy,wrick,fldxt,oghuz
gawby,exptl,fconv,hdqrs,mujik
gramp,benjy,chowk,fldxt,squiz
whamp,benjy,grosz,fldxt,quick
whamp,jerky,gconv,fldxt,squib
whamp,jerky,gconv,fldxt,squiz
whamp,verbs,zygon,fldxt,quick
chawk,benjy,supvr,fldxt,gizmo
whack,benjy,supvr,fldxt,gizmo
chawk,verby,jumps,fldxt,ginzo
whack,verby,jumps,fldxt,ginzo
chawk,verbs,jumpy,fldxt,ginzo
whack,verbs,jumpy,fldxt,ginzo
gawby,kench,jumps,fldxt,vizor
gawky,bench,jumps,fldxt,vizor
gawks,bench,jumpy,fldxt,vizor
gawks,benjy,chump,fldxt,vizor
jacky,verbs,whump,fldxt,ginzo
jacks,verby,whump,fldxt,ginzo
jacks,wyver,bumph,fldxt,ginzo
jarvy,becks,whump,fldxt,ginzo
pshav,wreck,jumby,fldxt,ginzo
whamp,benjy,gucks,fldxt,vizor
whang,becky,jumps,fldxt,vizor
whang,becks,jumpy,fldxt,vizor
whang,pecks,jumby,fldxt,vizor
whang,speck,jumby,fldxt,vizor
carvy,jinks,whomp,fldxt,uzbeg
chang,jimpy,vrows,fldxt,uzbek
ganch,jimpy,vrows,fldxt,uzbek
chang,mirvs,jowpy,fldxt,uzbek
ganch,mirvs,jowpy,fldxt,uzbek
chank,jimpy,vrows,fldxt,uzbeg
chank,mirvs,jowpy,fldxt,uzbeg
crawm,vying,qophs,fldxt,uzbek
gawky,blitz,fconv,hdqrs,pumex
hawks,jimpy,gconv,fldxt,burez
jacks,vying,whomp,fldxt,burez
jambs,chivw,zygon,fldxt,puker
japyx,imcnt,flowk,hdqrs,uzbeg
jarvy,chimp,gowns,fldxt,uzbek
jarvy,chimp,knows,fldxt,uzbeg
jarvy,chimp,snowk,fldxt,uzbeg
jarvy,chimp,swonk,fldxt,uzbeg
jarvy,gimps,nowch,fldxt,uzbek
jarvy,nicks,whomp,fldxt,uzbeg
jarvy,snick,whomp,fldxt,uzbeg
jarvy,pings,mowch,fldxt,uzbek
jarvy,pinks,mowch,fldxt,uzbeg
jarvy,spink,mowch,fldxt,uzbeg
jarvy,skimp,nowch,fldxt,uzbeg
jarvy,swing,chomp,fldxt,uzbek
jarvy,wings,chomp,fldxt,uzbek
jarvy,swink,chomp,fldxt,uzbeg
jarvy,winks,chomp,fldxt,uzbeg
jarvy,whing,comps,fldxt,uzbek
mawks,blitz,fconv,gryph,judex
schav,jimpy,grown,fldxt,uzbek
schav,jimpy,wrong,fldxt,uzbek
vangs,chirm,jowpy,fldxt,uzbek
vangs,jimpy,chowk,fldxt,burez
whamp,vying,jocks,fldxt,burez
wramp,vicky,johns,fldxt,uzbeg
ambry,whick,pungs,fldxt,vejoz
ambry,whick,spung,fldxt,vejoz
barmy,whick,pungs,fldxt,vejoz
barmy,whick,spung,fldxt,vejoz
ambry,whing,pucks,fldxt,vejoz
barmy,whing,pucks,fldxt,vejoz
ampyx,glink,fdubs,crwth,vejoz
ampyx,kling,fdubs,crwth,vejoz
ampyx,twick,flung,hdqrs,vejoz
angry,swick,bumph,fldxt,vejoz
angry,wicks,bumph,fldxt,vejoz
rangy,swick,bumph,fldxt,vejoz
rangy,wicks,bumph,fldxt,vejoz
angry,whick,bumps,fldxt,vejoz
rangy,whick,bumps,fldxt,vejoz
backy,girns,whump,fldxt,vejoz
backy,grins,whump,fldxt,vejoz
backy,rings,whump,fldxt,vejoz
backy,swing,murph,fldxt,vejoz
backy,wings,murph,fldxt,vejoz
backy,whing,rumps,fldxt,vejoz
backy,whins,grump,fldxt,vejoz
backy,wring,humps,fldxt,vejoz
backy,wring,sumph,fldxt,vejoz
backs,girny,whump,fldxt,vejoz
backs,ringy,whump,fldxt,vejoz
backs,whing,rumpy,fldxt,vejoz
backs,whiny,grump,fldxt,vejoz
backs,wingy,murph,fldxt,vejoz
backs,wring,humpy,fldxt,vejoz
bangy,ricks,whump,fldxt,vejoz
bangy,swick,murph,fldxt,vejoz
bangy,wicks,murph,fldxt,vejoz
bangy,twick,flump,hdqrs,vejoz
bangy,whick,rumps,fldxt,vejoz
bangy,whisk,crump,fldxt,vejoz
bangy,wrick,humps,fldxt,vejoz
bangy,wrick,sumph,fldxt,vejoz
bangs,ricky,whump,fldxt,vejoz
bangs,whick,rumpy,fldxt,vejoz
bangs,wicky,murph,fldxt,vejoz
bangs,wrick,humpy,fldxt,vejoz
banky,whigs,crump,fldxt,vejoz
banks,gyric,whump,fldxt,vejoz
bargh,wicky,numps,fldxt,vejoz
barky,chimp,swung,fldxt,vejoz
braky,chimp,swung,fldxt,vejoz
barky,swing,chump,fldxt,vejoz
barky,wings,chump,fldxt,vejoz
braky,swing,chump,fldxt,vejoz
braky,wings,chump,fldxt,vejoz
barks,gynic,whump,fldxt,vejoz
barks,wingy,chump,fldxt,vejoz
barms,whick,pungy,fldxt,vejoz
bhang,skiwy,crump,fldxt,vejoz
bhang,swick,rumpy,fldxt,vejoz
bhang,wicks,rumpy,fldxt,vejoz
bhang,wicky,rumps,fldxt,vejoz
bhang,wrick,spumy,fldxt,vejoz
brack,swing,humpy,fldxt,vejoz
brack,wings,humpy,fldxt,vejoz
brack,whims,pungy,fldxt,vejoz
brack,whing,spumy,fldxt,vejoz
brack,whips,mungy,fldxt,vejoz
brack,whisp,mungy,fldxt,vejoz
brack,wingy,humps,fldxt,vejoz
brack,wingy,sumph,fldxt,vejoz
brags,nicky,whump,fldxt,vejoz
garbs,nicky,whump,fldxt,vejoz
grabs,nicky,whump,fldxt,vejoz
brahm,picky,swung,fldxt,vejoz
brahm,swick,pungy,fldxt,vejoz
brahm,wicks,pungy,fldxt,vejoz
brahm,wicky,pungs,fldxt,vejoz
brahm,wicky,spung,fldxt,vejoz
brahm,wingy,pucks,fldxt,vejoz
brawn,gimpy,hucks,fldxt,vejoz
brawn,gimpy,shuck,fldxt,vejoz
brawn,pigmy,hucks,fldxt,vejoz
brawn,pigmy,shuck,fldxt,vejoz
brawn,zymic,vughs,fldxt,kopje
braws,chimp,gunky,fldxt,vejoz
braws,chimp,kyung,fldxt,vejoz
braws,gimpy,chunk,fldxt,vejoz
braws,pigmy,chunk,fldxt,vejoz
campy,swink,brugh,fldxt,vejoz
campy,swink,burgh,fldxt,vejoz
campy,winks,brugh,fldxt,vejoz
campy,winks,burgh,fldxt,vejoz
campy,whing,brusk,fldxt,vejoz
cangy,birks,whump,fldxt,vejoz
cangy,brisk,whump,fldxt,vejoz
carby,ginks,whump,fldxt,vejoz
carby,kings,whump,fldxt,vejoz
carks,bingy,whump,fldxt,vejoz
racks,bingy,whump,fldxt,vejoz
carks,whing,bumpy,fldxt,vejoz
racks,whing,bumpy,fldxt,vejoz
carks,wingy,bumph,fldxt,vejoz
racks,wingy,bumph,fldxt,vejoz
casky,bring,whump,fldxt,vejoz
yacks,bring,whump,fldxt,vejoz
casky,wring,bumph,fldxt,vejoz
yacks,wring,bumph,fldxt,vejoz
cawky,bring,humps,fldxt,vejoz
cawky,bring,sumph,fldxt,vejoz
wacky,bring,humps,fldxt,vejoz
wacky,bring,sumph,fldxt,vejoz
cawky,girns,bumph,fldxt,vejoz
cawky,grins,bumph,fldxt,vejoz
cawky,rings,bumph,fldxt,vejoz
wacky,girns,bumph,fldxt,vejoz
wacky,grins,bumph,fldxt,vejoz
wacky,rings,bumph,fldxt,vejoz
cawky,griph,numbs,fldxt,vejoz
wacky,griph,numbs,fldxt,vejoz
cawky,pings,rhumb,fldxt,vejoz
wacky,pings,rhumb,fldxt,vejoz
cawny,skimp,brugh,fldxt,vejoz
cawny,skimp,burgh,fldxt,vejoz
champ,birky,swung,fldxt,vejoz
champ,kirby,swung,fldxt,vejoz
champ,swink,rugby,fldxt,vejoz
champ,winks,rugby,fldxt,vejoz
champ,wingy,brusk,fldxt,vejoz
champ,wring,busky,fldxt,vejoz
chark,swing,bumpy,fldxt,vejoz
chark,wings,bumpy,fldxt,vejoz
karch,swing,bumpy,fldxt,vejoz
karch,wings,bumpy,fldxt,vejoz
chark,wingy,bumps,fldxt,vejoz
karch,wingy,bumps,fldxt,vejoz
chawk,bingy,rumps,fldxt,vejoz
whack,bingy,rumps,fldxt,vejoz
chawk,brims,pungy,fldxt,vejoz
whack,brims,pungy,fldxt,vejoz
chawk,bring,spumy,fldxt,vejoz
whack,bring,spumy,fldxt,vejoz
chawk,gimpy,burns,fldxt,vejoz
chawk,pigmy,burns,fldxt,vejoz
whack,gimpy,burns,fldxt,vejoz
whack,pigmy,burns,fldxt,vejoz
chawk,gimps,burny,fldxt,vejoz
chawk,gimps,runby,fldxt,vejoz
whack,gimps,burny,fldxt,vejoz
whack,gimps,runby,fldxt,vejoz
chawk,girny,bumps,fldxt,vejoz
chawk,ringy,bumps,fldxt,vejoz
whack,girny,bumps,fldxt,vejoz
whack,ringy,bumps,fldxt,vejoz
chawk,girns,bumpy,fldxt,vejoz
chawk,grins,bumpy,fldxt,vejoz
chawk,rings,bumpy,fldxt,vejoz
whack,girns,bumpy,fldxt,vejoz
whack,grins,bumpy,fldxt,vejoz
whack,rings,bumpy,fldxt,vejoz
chawk,gripy,numbs,fldxt,vejoz
whack,gripy,numbs,fldxt,vejoz
chawk,mingy,burps,fldxt,vejoz
whack,mingy,burps,fldxt,vejoz
chawk,pings,bryum,fldxt,vejoz
whack,pings,bryum,fldxt,vejoz
chawk,pirns,gumby,fldxt,vejoz
whack,pirns,gumby,fldxt,vejoz
chawk,primy,bungs,fldxt,vejoz
whack,primy,bungs,fldxt,vejoz
chawk,prims,bungy,fldxt,vejoz
chawk,prism,bungy,fldxt,vejoz
whack,prims,bungy,fldxt,vejoz
whack,prism,bungy,fldxt,vejoz
chawk,zingy,jumps,fldxt,bevor
whack,zingy,jumps,fldxt,bevor
chawk,zings,jumby,fldxt,prove
whack,zings,jumby,fldxt,prove
chawk,zings,jumpy,fldxt,bevor
whack,zings,jumpy,fldxt,bevor
chawn,gimpy,brusk,fldxt,vejoz
chawn,pigmy,brusk,fldxt,vejoz
chawn,grimp,busky,fldxt,vejoz
chawn,skimp,rugby,fldxt,vejoz
chawn,skirp,gumby,fldxt,vejoz
chaws,prink,gumby,fldxt,vejoz
chwas,prink,gumby,fldxt,vejoz
schwa,prink,gumby,fldxt,vejoz
chyak,wring,bumps,fldxt,vejoz
hacky,wring,bumps,fldxt,vejoz
cramp,whing,busky,fldxt,vejoz
cramp,whisk,bungy,fldxt,vejoz
crang,skiwy,bumph,fldxt,vejoz
crang,whisk,bumpy,fldxt,vejoz
crank,whigs,bumpy,fldxt,vejoz
crank,whips,gumby,fldxt,vejoz
crank,whisp,gumby,fldxt,vejoz
fangy,twick,plumb,hdqrs,vejoz
flamb,twick,pungy,hdqrs,vejoz
flang,twick,bumpy,hdqrs,vejoz
gambs,kylix,pfund,crwth,vejoz
gamps,whick,burny,fldxt,vejoz
gamps,whick,runby,fldxt,vejoz
gansy,brick,whump,fldxt,vejoz
yangs,brick,whump,fldxt,vejoz
gansy,wrick,bumph,fldxt,vejoz
yangs,wrick,bumph,fldxt,vejoz
gawby,chimp,knurs,fldxt,vejoz
gawby,chink,rumps,fldxt,vejoz
gawby,kinch,rumps,fldxt,vejoz
gawby,chirk,numps,fldxt,vejoz
gawby,chirm,punks,fldxt,vejoz
gawby,chirm,spunk,fldxt,vejoz
gawby,crimp,hunks,fldxt,vejoz
gawby,crink,humps,fldxt,vejoz
gawby,crink,sumph,fldxt,vejoz
gawby,kirns,chump,fldxt,vejoz
gawby,rinks,chump,fldxt,vejoz
gawby,knish,crump,fldxt,vejoz
gawby,mirks,punch,fldxt,vejoz
gawby,smirk,punch,fldxt,vejoz
gawby,nicks,murph,fldxt,vejoz
gawby,snick,murph,fldxt,vejoz
gawby,pinch,murks,fldxt,vejoz
gawby,pinks,churm,fldxt,vejoz
gawby,spink,churm,fldxt,vejoz
gawby,prims,chunk,fldxt,vejoz
gawby,prism,chunk,fldxt,vejoz
gawby,prink,chums,fldxt,vejoz
gawby,skimp,churn,fldxt,vejoz
gawby,skimp,runch,fldxt,vejoz
gawby,skirp,munch,fldxt,vejoz
gawky,birch,numps,fldxt,vejoz
gawky,brims,punch,fldxt,vejoz
gawky,brins,chump,fldxt,vejoz
gawky,chimb,snurp,fldxt,vejoz
gawky,chimb,spurn,fldxt,vejoz
gawky,chimp,burns,fldxt,vejoz
gawky,chirp,numbs,fldxt,vejoz
gawky,prich,numbs,fldxt,vejoz
gawky,prims,bunch,fldxt,vejoz
gawky,prism,bunch,fldxt,vejoz
gawky,rinch,bumps,fldxt,vejoz
gawky,scrin,bumph,fldxt,vejoz
gawks,birny,chump,fldxt,vejoz
gawks,briny,chump,fldxt,vejoz
gawks,chimp,burny,fldxt,vejoz
gawks,chimp,runby,fldxt,vejoz
gawks,pinch,bryum,fldxt,vejoz
gawks,primy,bunch,fldxt,vejoz
gawks,rinch,bumpy,fldxt,vejoz
gawsy,brink,chump,fldxt,vejoz
gawsy,crink,bumph,fldxt,vejoz
gnars,whick,bumpy,fldxt,vejoz
gnars,wicky,bumph,fldxt,vejoz
gnash,wrick,bumpy,fldxt,vejoz
hangs,wrick,bumpy,fldxt,vejoz
sangh,wrick,bumpy,fldxt,vejoz
shang,wrick,bumpy,fldxt,vejoz
gnaws,birky,chump,fldxt,vejoz
gnaws,kirby,chump,fldxt,vejoz
swang,birky,chump,fldxt,vejoz
swang,kirby,chump,fldxt,vejoz
gnaws,brick,humpy,fldxt,vejoz
swang,brick,humpy,fldxt,vejoz
gnaws,chirk,bumpy,fldxt,vejoz
swang,chirk,bumpy,fldxt,vejoz
gnaws,picky,rhumb,fldxt,vejoz
swang,picky,rhumb,fldxt,vejoz
gnaws,ricky,bumph,fldxt,vejoz
swang,ricky,bumph,fldxt,vejoz
gracy,swink,bumph,fldxt,vejoz
gracy,winks,bumph,fldxt,vejoz
gramp,skiwy,bunch,fldxt,vejoz
gramp,whiny,bucks,fldxt,vejoz
gramp,whins,bucky,fldxt,vejoz
gramp,winch,busky,fldxt,vejoz
graph,wicky,numbs,fldxt,vejoz
grapy,whick,numbs,fldxt,vejoz
gravy,whick,jumps,fldxt,benzo
gravy,whick,jumps,fldxt,bonze
hacks,wring,bumpy,fldxt,vejoz
shack,wring,bumpy,fldxt,vejoz
hawky,crimp,bungs,fldxt,vejoz
hawky,pings,crumb,fldxt,vejoz
hawks,bingy,crump,fldxt,vejoz
hawks,crimp,bungy,fldxt,vejoz
yamph,brick,swung,fldxt,vejoz
pamhy,brick,swung,fldxt,vejoz
phyma,brick,swung,fldxt,vejoz
yamph,wrick,bungs,fldxt,vejoz
pamhy,wrick,bungs,fldxt,vejoz
phyma,wrick,bungs,fldxt,vejoz
yamph,wring,bucks,fldxt,vejoz
pamhy,wring,bucks,fldxt,vejoz
phyma,wring,bucks,fldxt,vejoz
jacky,zings,bumph,fldxt,vower
jacky,zings,whump,fldxt,bevor
jacks,zingy,bumph,fldxt,vower
jacks,zingy,whump,fldxt,bevor
japyx,flick,muntz,hdqrs,bowge
kaphs,wingy,crumb,fldxt,vejoz
kyang,cribs,whump,fldxt,vejoz
kyang,whips,crumb,fldxt,vejoz
kyang,whisp,crumb,fldxt,vejoz
knyaz,chivw,bumps,fldxt,jorge
knyaz,chivw,jumps,fldxt,gerbo
knyaz,chivw,jumps,fldxt,grebo
lampf,twick,bungy,hdqrs,vejoz
mangy,whick,burps,fldxt,vejoz
mawky,birch,pungs,fldxt,vejoz
mawky,birch,spung,fldxt,vejoz
mawky,brigs,punch,fldxt,vejoz
mawky,ching,burps,fldxt,vejoz
mawky,chirp,bungs,fldxt,vejoz
mawky,prich,bungs,fldxt,vejoz
mawky,grips,bunch,fldxt,vejoz
mawky,prigs,bunch,fldxt,vejoz
mawky,sprig,bunch,fldxt,vejoz
mawky,pinch,burgs,fldxt,vejoz
mawky,pinch,grubs,fldxt,vejoz
mawks,birch,pungy,fldxt,vejoz
mawks,chirp,bungy,fldxt,vejoz
mawks,prich,bungy,fldxt,vejoz
mawks,gripy,bunch,fldxt,vejoz
mawks,pinch,rugby,fldxt,vejoz
mckay,whing,burps,fldxt,vejoz
namby,whick,sprug,fldxt,vejoz
packs,whing,bryum,fldxt,vejoz
spack,whing,bryum,fldxt,vejoz
packs,wingy,rhumb,fldxt,vejoz
spack,wingy,rhumb,fldxt,vejoz
pangs,whick,bryum,fldxt,vejoz
spang,whick,bryum,fldxt,vejoz
pangs,wicky,rhumb,fldxt,vejoz
spang,wicky,rhumb,fldxt,vejoz
parch,swink,gumby,fldxt,vejoz
parch,winks,gumby,fldxt,vejoz
parky,chimb,swung,fldxt,vejoz
parks,winch,gumby,fldxt,vejoz
spark,winch,gumby,fldxt,vejoz
pashm,wrick,bungy,fldxt,vejoz
phasm,wrick,bungy,fldxt,vejoz
pashm,wring,bucky,fldxt,vejoz
phasm,wring,bucky,fldxt,vejoz
pawky,brigs,munch,fldxt,vejoz
pawky,brims,chung,fldxt,vejoz
pawky,bring,chums,fldxt,vejoz
pawky,chimb,rungs,fldxt,vejoz
pawky,chirm,bungs,fldxt,vejoz
pawky,nighs,crumb,fldxt,vejoz
pawky,singh,crumb,fldxt,vejoz
pawns,chirk,gumby,fldxt,vejoz
spawn,chirk,gumby,fldxt,vejoz
pawns,micky,brugh,fldxt,vejoz
pawns,micky,burgh,fldxt,vejoz
spawn,micky,brugh,fldxt,vejoz
spawn,micky,burgh,fldxt,vejoz
pharm,swick,bungy,fldxt,vejoz
pharm,wicks,bungy,fldxt,vejoz
prahm,swick,bungy,fldxt,vejoz
prahm,wicks,bungy,fldxt,vejoz
pharm,swing,bucky,fldxt,vejoz
pharm,wings,bucky,fldxt,vejoz
prahm,swing,bucky,fldxt,vejoz
prahm,wings,bucky,fldxt,vejoz
pharm,wicky,bungs,fldxt,vejoz
prahm,wicky,bungs,fldxt,vejoz
pharm,wingy,bucks,fldxt,vejoz
prahm,wingy,bucks,fldxt,vejoz
prams,whick,bungy,fldxt,vejoz
ramps,whick,bungy,fldxt,vejoz
sparm,whick,bungy,fldxt,vejoz
prams,whing,bucky,fldxt,vejoz
ramps,whing,bucky,fldxt,vejoz
sparm,whing,bucky,fldxt,vejoz
prang,whims,bucky,fldxt,vejoz
prawn,hicks,gumby,fldxt,vejoz
prawn,shick,gumby,fldxt,vejoz
pshaw,brick,mungy,fldxt,vejoz
whaps,brick,mungy,fldxt,vejoz
pshaw,bring,mucky,fldxt,vejoz
whaps,bring,mucky,fldxt,vejoz
pshaw,crink,gumby,fldxt,vejoz
whaps,crink,gumby,fldxt,vejoz
rawky,chimb,pungs,fldxt,vejoz
rawky,chimb,spung,fldxt,vejoz
rawky,chimp,bungs,fldxt,vejoz
rawky,ching,bumps,fldxt,vejoz
rawky,gimps,bunch,fldxt,vejoz
shawm,brick,pungy,fldxt,vejoz
whams,brick,pungy,fldxt,vejoz
shawm,prick,bungy,fldxt,vejoz
whams,prick,bungy,fldxt,vejoz
shawn,grimp,bucky,fldxt,vejoz
shawn,prick,gumby,fldxt,vejoz
swack,bingy,murph,fldxt,vejoz
wacks,bingy,murph,fldxt,vejoz
swack,bring,humpy,fldxt,vejoz
wacks,bring,humpy,fldxt,vejoz
swack,girny,bumph,fldxt,vejoz
swack,ringy,bumph,fldxt,vejoz
wacks,girny,bumph,fldxt,vejoz
wacks,ringy,bumph,fldxt,vejoz
swamp,birch,gunky,fldxt,vejoz
swamp,birch,kyung,fldxt,vejoz
swamp,birky,chung,fldxt,vejoz
swamp,kirby,chung,fldxt,vejoz
swamp,chink,rugby,fldxt,vejoz
swamp,kinch,rugby,fldxt,vejoz
swamp,chirk,bungy,fldxt,vejoz
swamp,nicky,brugh,fldxt,vejoz
swamp,nicky,burgh,fldxt,vejoz
swank,bichy,grump,fldxt,vejoz
swank,chimp,rugby,fldxt,vejoz
swank,chirp,gumby,fldxt,vejoz
swank,prich,gumby,fldxt,vejoz
swank,gyric,bumph,fldxt,vejoz
twang,flick,bumpy,hdqrs,vejoz
twang,flimp,bucky,hdqrs,vejoz
wanky,brigs,chump,fldxt,vejoz
wanky,chimb,sprug,fldxt,vejoz
wanky,chimp,burgs,fldxt,vejoz
wanky,chimp,grubs,fldxt,vejoz
wanky,grimp,chubs,fldxt,vejoz
wanky,grimp,subch,fldxt,vejoz
warch,gimpy,bunks,fldxt,vejoz
warch,pigmy,bunks,fldxt,vejoz
warch,ginks,bumpy,fldxt,vejoz
warch,kings,bumpy,fldxt,vejoz
warch,pinks,gumby,fldxt,vejoz
warch,spink,gumby,fldxt,vejoz
warch,skimp,bungy,fldxt,vejoz
warks,bingy,chump,fldxt,vejoz
warks,chimb,pungy,fldxt,vejoz
warks,chimp,bungy,fldxt,vejoz
warks,ching,bumpy,fldxt,vejoz
warks,gimpy,bunch,fldxt,vejoz
warks,pigmy,bunch,fldxt,vejoz
warks,gynic,bumph,fldxt,vejoz
warks,pinch,gumby,fldxt,vejoz
warps,chimb,gunky,fldxt,vejoz
warps,chimb,kyung,fldxt,vejoz
wraps,chimb,gunky,fldxt,vejoz
wraps,chimb,kyung,fldxt,vejoz
warps,chink,gumby,fldxt,vejoz
warps,kinch,gumby,fldxt,vejoz
wraps,chink,gumby,fldxt,vejoz
wraps,kinch,gumby,fldxt,vejoz
whamp,bingy,rucks,fldxt,vejoz
whamp,birny,gucks,fldxt,vejoz
whamp,briny,gucks,fldxt,vejoz
whamp,bring,yucks,fldxt,vejoz
whamp,cribs,gunky,fldxt,vejoz
whamp,cribs,kyung,fldxt,vejoz
whamp,gynic,brusk,fldxt,vejoz
whamp,ginks,curby,fldxt,vejoz
whamp,kings,curby,fldxt,vejoz
whamp,gyric,bunks,fldxt,vejoz
whamp,girny,bucks,fldxt,vejoz
whamp,ringy,bucks,fldxt,vejoz
whamp,girns,bucky,fldxt,vejoz
whamp,grins,bucky,fldxt,vejoz
whamp,rings,bucky,fldxt,vejoz
whamp,nicky,burgs,fldxt,vejoz
whamp,nicky,grubs,fldxt,vejoz
whamp,nicks,rugby,fldxt,vejoz
whamp,snick,rugby,fldxt,vejoz
whamp,ricky,bungs,fldxt,vejoz
whamp,ricks,bungy,fldxt,vejoz
whang,brick,spumy,fldxt,vejoz
whang,crimp,busky,fldxt,vejoz
whang,micky,burps,fldxt,vejoz
whang,picks,bryum,fldxt,vejoz
whang,spick,bryum,fldxt,vejoz
whang,pisky,crumb,fldxt,vejoz
whang,spiky,crumb,fldxt,vejoz
whang,primy,bucks,fldxt,vejoz
whang,prims,bucky,fldxt,vejoz
whang,prism,bucky,fldxt,vejoz
whang,ricky,bumps,fldxt,vejoz
whang,ricks,bumpy,fldxt,vejoz
whang,skimp,curby,fldxt,vejoz
whank,crips,gumby,fldxt,vejoz
whank,crisp,gumby,fldxt,vejoz
whank,scrip,gumby,fldxt,vejoz
whank,gimpy,curbs,fldxt,vejoz
whank,gimpy,scrub,fldxt,vejoz
whank,pigmy,curbs,fldxt,vejoz
whank,pigmy,scrub,fldxt,vejoz
whank,gimps,curby,fldxt,vejoz
whank,gipsy,crumb,fldxt,vejoz
whank,gyric,bumps,fldxt,vejoz
wharp,bingy,mucks,fldxt,vejoz
wharp,micky,bungs,fldxt,vejoz
wharp,micks,bungy,fldxt,vejoz
wharp,mingy,bucks,fldxt,vejoz
wharp,nicks,gumby,fldxt,vejoz
wharp,snick,gumby,fldxt,vejoz
wrack,bingy,humps,fldxt,vejoz
wrack,bingy,sumph,fldxt,vejoz
wrack,hying,bumps,fldxt,vejoz
wrack,jimpy,vughs,fldxt,benzo
wrack,jimpy,vughs,fldxt,bonze
wrack,nighs,bumpy,fldxt,vejoz
wrack,singh,bumpy,fldxt,vejoz
wramp,bichy,gunks,fldxt,vejoz
wramp,bingy,hucks,fldxt,vejoz
wramp,bingy,shuck,fldxt,vejoz
wramp,ching,busky,fldxt,vejoz
wramp,hicky,bungs,fldxt,vejoz
wramp,hicks,bungy,fldxt,vejoz
wramp,shick,bungy,fldxt,vejoz
wramp,hying,bucks,fldxt,vejoz
wramp,nighs,bucky,fldxt,vejoz
wramp,singh,bucky,fldxt,vejoz
wrang,chimp,busky,fldxt,vejoz
wrang,hicky,bumps,fldxt,vejoz
wrang,hicks,bumpy,fldxt,vejoz
wrang,shick,bumpy,fldxt,vejoz
ampyx,fconv,klutz,hdqrs,bejig
ampyx,fconv,klutz,hdqrs,bewig
brack,jowpy,vughs,fldxt,mizen
brack,jowpy,vughs,fldxt,zemni
brack,zygon,whump,fldxt,jives
chawk,grovy,jumps,fldxt,bizen
chawk,grovy,jumps,fldxt,zineb
whack,grovy,jumps,fldxt,bizen
whack,grovy,jumps,fldxt,zineb
chawk,zygon,jumps,fldxt,brevi
whack,zygon,jumps,fldxt,brevi
dwarf,jocks,muntz,glyph,vibex
flack,jowpy,muntz,hdqrs,vibex
gawby,fcomp,klutz,hdqrs,vixen
glack,jowpy,muntz,hdqrs,vibex
gravy,chowk,jumps,fldxt,bizen
gravy,chowk,jumps,fldxt,zineb
gravy,jocks,bumph,fldxt,winze
gravy,jocks,bumph,fldxt,wizen
gravy,jocks,whump,fldxt,bizen
gravy,jocks,whump,fldxt,zineb
hawks,gconv,jumby,fldxt,prize
jacky,grosz,bumph,fldxt,vinew
jacks,grovy,bumph,fldxt,winze
jacks,grovy,bumph,fldxt,wizen
jacks,grovy,whump,fldxt,bizen
jacks,grovy,whump,fldxt,zineb
jacks,zygon,bumph,fldxt,wiver
jacks,zygon,bumph,fldxt,wrive
jacks,zygon,whump,fldxt,brevi
japyx,fconv,klutz,hdqrs,bewig
japyx,flock,muntz,hdqrs,bewig
jarvy,gowks,chump,fldxt,bizen
jarvy,gowks,chump,fldxt,zineb
jarvy,whomp,gucks,fldxt,bizen
jarvy,whomp,gucks,fldxt,zineb
knyaz,mowch,supvr,fldxt,bejig
knyaz,vrows,chump,fldxt,bejig
pawky,gconv,fultz,hdqrs,bemix
swack,fjord,muntz,glyph,vibex
wacks,fjord,muntz,glyph,vibex
twang,flock,jumpy,hdqrs,vibex
vangs,chowk,jumby,fldxt,prize
waltz,fcomp,gunky,hdqrs,vibex
waltz,fcomp,kyung,hdqrs,vibex
waltz,fcomp,junky,hdqrs,vibex
waltz,fjord,gucks,nymph,vibex
wrack,qophs,jumby,fldxt,given
wrack,zygon,bumph,fldxt,jives
brags,fldxt,nymph,quick,vejoz
garbs,fldxt,nymph,quick,vejoz
grabs,fldxt,nymph,quick,vejoz
braws,fldxt,nymph,gucki,vejoz
braws,fldxt,nymph,quick,vejoz
gawks,fldxt,nymph,urbic,vejoz
jambs,fldxt,gryph,quick,woven
swack,fldxt,gryph,minbu,vejoz
wacks,fldxt,gryph,minbu,vejoz
wrack,fldxt,nymph,gibus,vejoz
wrack,fldxt,nymph,squib,vejoz
wrang,fldxt,psych,kumbi,vejoz
bench,jimpy,grosz,fldxt,quawk
benjy,chimp,grosz,fldxt,quawk
cheng,jimpy,vrows,fldxt,uzbak
cheng,mirvs,jowpy,fldxt,uzbak
expwy,vingt,flock,hdqrs,jumba
herbs,jimpy,gconv,fldxt,quawk
kemps,chivw,zygon,fldxt,bruja
skemp,chivw,zygon,fldxt,bruja
perks,chivw,zygon,fldxt,jumba
shrew,jimpy,gconv,fldxt,uzbak
wersh,jimpy,gconv,fldxt,uzbak
verby,zings,chomp,fldxt,quawk
verby,zings,whomp,fldxt,quack
verbs,chimp,zygon,fldxt,quawk
verbs,zingy,chomp,fldxt,quawk
verbs,zingy,whomp,fldxt,quack
wreck,vying,qophs,fldxt,jumba
wreck,zingy,qophs,fldxt,jumba
becky,whing,jumps,fldxt,voraz
becks,whing,jumpy,fldxt,voraz
enzym,chivw,sprug,fldxt,jakob
grype,chivw,junks,fldxt,zambo
jerky,chivw,bumps,fldxt,gazon
jerky,chivw,bumps,fldxt,zogan
jerky,chivw,pungs,fldxt,zambo
jerky,chivw,spung,fldxt,zambo
jerky,zings,whump,fldxt,vocab
jerks,chivw,bumpy,fldxt,gazon
jerks,chivw,bumpy,fldxt,zogan
jerks,chivw,pungy,fldxt,zambo
jerks,zingy,whump,fldxt,vocab
kerbs,chivw,jumpy,fldxt,gazon
kerbs,chivw,jumpy,fldxt,zogan
krebs,chivw,jumpy,fldxt,gazon
krebs,chivw,jumpy,fldxt,zogan
pecks,whing,jumby,fldxt,voraz
speck,whing,jumby,fldxt,voraz
perks,chivw,jumby,fldxt,gazon
perks,chivw,jumby,fldxt,zogan
verby,whick,jumps,fldxt,gazon
verby,whick,jumps,fldxt,zogan
verby,zings,whump,fldxt,jacko
verbs,whick,jumpy,fldxt,gazon
verbs,whick,jumpy,fldxt,zogan
verbs,zingy,whump,fldxt,jacko
wyver,zings,bumph,fldxt,jacko
wyver,zings,chump,fldxt,jakob
becks,zygon,whump,fldxt,rajiv
benjy,grosz,whump,fldxt,avick
breck,jowpy,vughs,fldxt,nazim
breck,jowpy,vughs,fldxt,nizam
exptl,gconv,jumby,hdqrs,kafiz
exptl,gconv,jumby,hdqrs,wakif
expwy,fconv,klutz,hdqrs,bigam
jerky,gconv,bumph,fldxt,swazi
jerky,gconv,whump,fldxt,sabzi
jerky,gconv,whump,fldxt,saqib
kerbs,gconv,whump,fldxt,jizya
krebs,gconv,whump,fldxt,jizya
verby,chowk,jumps,fldxt,zigan
verby,jocks,whump,fldxt,zigan
verbs,chowk,jumpy,fldxt,zigan
wyver,jocks,bumph,fldxt,zigan
wreck,qophs,jumby,fldxt,navig
wreck,qophs,jumby,fldxt,zigan
birks,gconv,whump,fldxt,jazey
brisk,gconv,whump,fldxt,jazey
chivw,bongs,jumpy,fldxt,karez
chivw,bonks,grump,fldxt,jazey
chivw,knobs,grump,fldxt,jazey
chivw,bonks,jumpy,fldxt,gazer
chivw,bonks,jumpy,fldxt,graze
chivw,knobs,jumpy,fldxt,gazer
chivw,knobs,jumpy,fldxt,graze
chivw,bronk,jumpy,fldxt,gazes
chivw,grosz,jumby,fldxt,knape
chivw,grosz,jumby,fldxt,pekan
chivw,grosz,jumpy,fldxt,baken
chivw,grosz,punky,fldxt,jambe
chivw,knops,jumby,fldxt,gazer
chivw,knops,jumby,fldxt,graze
chivw,knosp,jumby,fldxt,gazer
chivw,knosp,jumby,fldxt,graze
chivw,spong,jumby,fldxt,karez
chivw,zygon,jumps,fldxt,baker
chivw,zygon,jumps,fldxt,brake
chivw,zygon,jumps,fldxt,break
chivw,zygon,jumps,fldxt,kebar
jimpy,brock,vughs,fldxt,wanze
jimpy,gconv,fultz,hdqrs,bawke
jimpy,gconv,qursh,fldxt,bawke
swick,zygon,bumph,fldxt,javer
wicks,zygon,bumph,fldxt,javer
vicky,borgh,jumps,fldxt,wanze
vicky,brogh,jumps,fldxt,wanze
vicky,ghbor,jumps,fldxt,wanze
vicky,grosz,whump,fldxt,bejan
vicky,qophs,wrung,fldxt,jambe
vying,chowk,jumps,fldxt,braze
vying,chowk,jumps,fldxt,zebra
vying,jocks,whump,fldxt,braze
vying,jocks,whump,fldxt,zebra
whick,grosz,bumpy,fldxt,njave
whick,grosz,jumby,fldxt,paven
whick,grovy,jumps,fldxt,bezan
whick,zygon,bumps,fldxt,javer
whick,zygon,jumps,fldxt,brave
whick,zygon,jumps,fldxt,breva
whick,zygon,supvr,fldxt,jambe
whips,gconv,jumby,fldxt,karez
whisp,gconv,jumby,fldxt,karez
whisk,gconv,jumpy,fldxt,braze
whisk,gconv,jumpy,fldxt,zebra
wicky,grosz,bumph,fldxt,njave
wrick,qophs,gumby,fldxt,njave
wrick,qophs,jumby,fldxt,evang
wrick,qophs,jumby,fldxt,ganev
wrick,qophs,jumby,fldxt,vegan
wrick,zygon,bumps,fldxt,jahve
wrick,zygon,jumps,fldxt,behav
zincy,gowks,bumph,fldxt,javer
zingy,bocks,whump,fldxt,javer
zingy,chowk,bumps,fldxt,javer
zingy,chowk,jumps,fldxt,brave
zingy,chowk,jumps,fldxt,breva
zingy,chowk,supvr,fldxt,jambe
zingy,jocks,bumph,fldxt,warve
zingy,jocks,bumph,fldxt,waver
zingy,jocks,whump,fldxt,brave
zingy,jocks,whump,fldxt,breva
zingy,whomp,bucks,fldxt,javer
zings,chowk,bumpy,fldxt,javer
zings,chowk,jumby,fldxt,parve
zings,chowk,jumby,fldxt,paver
zings,chowk,jumby,fldxt,verpa
zings,chowk,jumpy,fldxt,brave
zings,chowk,jumpy,fldxt,breva
zings,whomp,bucky,fldxt,javer
brick,fldxt,nymph,quags,vejoz
brick,fldxt,nymph,squaw,vejoz
brigs,fldxt,nymph,quack,vejoz
brigs,fldxt,nymph,quawk,vejoz
bring,fldxt,psych,quawk,vejoz
cribs,fldxt,nymph,quawk,vejoz
grimp,fldxt,synch,quawk,vejoz
swick,fldxt,gryph,manqu,vejoz
wicks,fldxt,gryph,manqu,vejoz
swick,fldxt,nymph,burga,vejoz
wicks,fldxt,nymph,burga,vejoz
wrick,fldxt,nymph,quags,vejoz
wrick,fldxt,nymph,squab,vejoz
vrows,fldxt,nymph,bejig,quack
wombs,fldxt,gryph,njave,quick
