gunks,bortz,fjeld,ampyx,chivw
flamb,expdt,junky,grosz,chivw
expdt,jumby,flank,grosz,chivw
jowly,vingt,frack,zhmud,pbxes
glaky,fjord,muntz,pbxes,chivw
frowl,vingt,jacky,zhmud,pbxes
mordv,fultz,jacky,whing,pbxes
furzy,klong,expdt,jambs,chivw
gconv,furzy,whilk,expdt,jambs
gconv,expwy,fultz,dhikr,jambs
frowl,becks,vingt,japyx,zhmud
mordv,becks,japyx,fultz,whing
vingt,japyx,bleck,frows,zhmud
vingt,flows,japyx,breck,zhmud
vingt,japyx,fowls,breck,zhmud
vingt,japyx,wolfs,breck,zhmud
flock,vingt,japyx,zhmud,brews
vingt,brows,japyx,zhmud,fleck
bortz,japyx,dunks,flegm,chivw
bocks,japyx,flegm,thruv,windz
brock,vingt,flews,japyx,zhmud
vingt,japyx,zhmud,blows,freck
vingt,japyx,zhmud,freck,bowls
bovld,japyx,whigs,muntz,freck
japyx,klutz,bongs,fremd,chivw
vughs,japyx,block,fremt,windz
fconv,japyx,grewt,bilks,zhmud
brock,vingt,japyx,zhmud,seqwl
vingt,frock,japyx,zhmud,seqwl
verbs,flong,japyx,zhmud,twick
gconv,japyx,whelk,dumbs,fritz
flong,pbxes,zhmud,jarvy,twick
fjord,klutz,mangy,pbxes,chivw
expwy,fjord,vangs,klutz,chimb
klong,expdt,jumby,zarfs,chivw
gconv,whilk,expdt,jumby,zarfs
jumbo,pshav,zingy,wreck,fldxt
oghuz,wrick,benjy,vamps,fldxt
expwy,vingt,jumbo,flack,hdqrs
chowk,squiz,gramp,benjy,fldxt
quick,whamp,benjy,fldxt,grosz
gconv,squib,jerky,whamp,fldxt
gconv,jerky,squiz,whamp,fldxt
quick,verbs,zygon,whamp,fldxt
gawby,exptl,mujik,fconv,hdqrs
verby,chawk,ginzo,jumps,fldxt
verby,whack,ginzo,jumps,fldxt
verbs,chawk,ginzo,jumpy,fldxt
verbs,whack,ginzo,jumpy,fldxt
verbs,whump,ginzo,jacky,fldxt
whump,verby,jacks,ginzo,fldxt
wyver,jacks,ginzo,bumph,fldxt
becks,whump,ginzo,jarvy,fldxt
pshav,jumby,ginzo,wreck,fldxt
chawk,gizmo,benjy,fldxt,supvr
gizmo,whack,benjy,fldxt,supvr
gawby,vizor,kench,jumps,fldxt
vizor,bench,gawky,jumps,fldxt
vizor,jumpy,bench,gawks,fldxt
vizor,benjy,chump,gawks,fldxt
gucks,vizor,whamp,benjy,fldxt
vizor,becky,whang,jumps,fldxt
becks,vizor,whang,jumpy,fldxt
vizor,pecks,jumby,whang,fldxt
speck,vizor,jumby,whang,fldxt
carvy,whomp,uzbeg,jinks,fldxt
vrows,jimpy,chang,uzbek,fldxt
vrows,ganch,jimpy,uzbek,fldxt
jowpy,chang,uzbek,mirvs,fldxt
ganch,jowpy,uzbek,mirvs,fldxt
vrows,chank,uzbeg,jimpy,fldxt
chank,uzbeg,jowpy,mirvs,fldxt
qophs,crawm,uzbek,fldxt,vying
gconv,burez,jimpy,hawks,fldxt
whomp,burez,jacks,fldxt,vying
zygon,puker,jambs,fldxt,chivw
chimp,uzbek,gowns,jarvy,fldxt
uzbeg,chimp,knows,jarvy,fldxt
uzbeg,chimp,snowk,jarvy,fldxt
swonk,chimp,uzbeg,jarvy,fldxt
nowch,gimps,uzbek,jarvy,fldxt
whomp,uzbeg,nicks,jarvy,fldxt
whomp,uzbeg,snick,jarvy,fldxt
pings,uzbek,mowch,jarvy,fldxt
pinks,uzbeg,mowch,jarvy,fldxt
uzbeg,mowch,spink,jarvy,fldxt
nowch,uzbeg,skimp,jarvy,fldxt
chomp,uzbek,swing,jarvy,fldxt
chomp,uzbek,wings,jarvy,fldxt
chomp,uzbeg,swink,jarvy,fldxt
chomp,uzbeg,winks,jarvy,fldxt
uzbek,comps,whing,jarvy,fldxt
jimpy,schav,grown,uzbek,fldxt
jimpy,schav,uzbek,wrong,fldxt
chirm,vangs,jowpy,uzbek,fldxt
chowk,burez,vangs,jimpy,fldxt
burez,jocks,whamp,fldxt,vying
johns,uzbeg,wramp,vicky,fldxt
judex,gryph,blitz,mawks,fconv
gawky,pumex,blitz,fconv,hdqrs
imcnt,uzbeg,japyx,hdqrs,flowk
whick,benzo,gravy,jumps,fldxt
whick,gravy,bonze,jumps,fldxt
vughs,jimpy,benzo,wrack,fldxt
vughs,jimpy,wrack,bonze,fldxt
chawk,bevor,zingy,jumps,fldxt
bevor,whack,zingy,jumps,fldxt
zings,chawk,bevor,jumpy,fldxt
zings,bevor,whack,jumpy,fldxt
zings,whump,bevor,jacky,fldxt
whump,jacks,bevor,zingy,fldxt
japyx,muntz,bowge,flick,hdqrs
knyaz,gerbo,jumps,fldxt,chivw
knyaz,grebo,jumps,fldxt,chivw
bumps,knyaz,jorge,fldxt,chivw
vughs,brawn,zymic,kopje,fldxt
zings,chawk,prove,jumby,fldxt
zings,prove,jumby,whack,fldxt
vejoz,glink,fdubs,crwth,ampyx
kling,vejoz,fdubs,crwth,ampyx
vejoz,gambs,pfund,crwth,kylix
pungs,whick,ambry,vejoz,fldxt
whick,ambry,vejoz,spung,fldxt
pungs,whick,barmy,vejoz,fldxt
whick,barmy,vejoz,spung,fldxt
pucks,ambry,vejoz,whing,fldxt
pucks,barmy,vejoz,whing,fldxt
fldxt,vejoz,bumph,angry,swick
wicks,vejoz,bumph,angry,fldxt
fldxt,rangy,vejoz,bumph,swick
wicks,rangy,vejoz,bumph,fldxt
whick,bumps,vejoz,angry,fldxt
whick,bumps,rangy,vejoz,fldxt
whump,girns,backy,vejoz,fldxt
grins,whump,backy,vejoz,fldxt
whump,backy,vejoz,fldxt,rings
backy,vejoz,swing,fldxt,murph
vejoz,backy,wings,fldxt,murph
rumps,backy,vejoz,whing,fldxt
grump,backy,vejoz,whins,fldxt
wring,backy,vejoz,humps,fldxt
wring,backy,vejoz,sumph,fldxt
girny,whump,vejoz,fldxt,backs
whump,ringy,vejoz,fldxt,backs
rumpy,vejoz,whing,fldxt,backs
grump,whiny,vejoz,fldxt,backs
wingy,vejoz,backs,fldxt,murph
humpy,wring,vejoz,fldxt,backs
whump,ricks,vejoz,fldxt,bangy
fldxt,vejoz,bangy,swick,murph
wicks,murph,vejoz,fldxt,bangy
rumps,whick,vejoz,fldxt,bangy
whisk,vejoz,crump,fldxt,bangy
wrick,vejoz,humps,fldxt,bangy
wrick,vejoz,sumph,fldxt,bangy
whump,ricky,bangs,vejoz,fldxt
rumpy,whick,bangs,vejoz,fldxt
bangs,vejoz,wicky,fldxt,murph
humpy,bangs,wrick,vejoz,fldxt
whigs,banky,vejoz,crump,fldxt
whump,banks,vejoz,gyric,fldxt
numps,bargh,vejoz,wicky,fldxt
chimp,swung,barky,vejoz,fldxt
braky,chimp,swung,vejoz,fldxt
vejoz,barky,chump,swing,fldxt
vejoz,barky,wings,chump,fldxt
vejoz,braky,chump,swing,fldxt
vejoz,braky,wings,chump,fldxt
vejoz,whump,barks,gynic,fldxt
vejoz,barks,wingy,chump,fldxt
vejoz,pungy,whick,barms,fldxt
skiwy,bhang,vejoz,crump,fldxt
rumpy,bhang,fldxt,vejoz,swick
rumpy,wicks,bhang,vejoz,fldxt
rumps,bhang,vejoz,wicky,fldxt
spumy,bhang,wrick,vejoz,fldxt
brack,humpy,vejoz,swing,fldxt
vejoz,brack,humpy,wings,fldxt
whims,pungy,brack,vejoz,fldxt
brack,spumy,vejoz,whing,fldxt
brack,mungy,whips,vejoz,fldxt
whisp,brack,mungy,vejoz,fldxt
brack,wingy,vejoz,humps,fldxt
brack,wingy,vejoz,sumph,fldxt
nicky,whump,brags,vejoz,fldxt
nicky,whump,vejoz,garbs,fldxt
nicky,whump,vejoz,grabs,fldxt
brahm,picky,swung,vejoz,fldxt
brahm,pungy,fldxt,vejoz,swick
brahm,wicks,pungy,vejoz,fldxt
brahm,pungs,vejoz,wicky,fldxt
brahm,vejoz,wicky,spung,fldxt
brahm,pucks,wingy,vejoz,fldxt
brawn,gimpy,vejoz,hucks,fldxt
brawn,shuck,gimpy,vejoz,fldxt
pigmy,brawn,vejoz,hucks,fldxt
pigmy,brawn,shuck,vejoz,fldxt
chimp,gunky,braws,vejoz,fldxt
chimp,braws,kyung,vejoz,fldxt
braws,chunk,gimpy,vejoz,fldxt
pigmy,braws,chunk,vejoz,fldxt
swink,vejoz,brugh,campy,fldxt
swink,vejoz,burgh,campy,fldxt
winks,vejoz,brugh,campy,fldxt
winks,vejoz,burgh,campy,fldxt
brusk,vejoz,whing,campy,fldxt
whump,birks,cangy,vejoz,fldxt
whump,cangy,brisk,vejoz,fldxt
vejoz,whump,ginks,carby,fldxt
kings,whump,vejoz,carby,fldxt
whump,bingy,vejoz,carks,fldxt
racks,whump,bingy,vejoz,fldxt
bumpy,vejoz,carks,whing,fldxt
racks,bumpy,vejoz,whing,fldxt
bumph,wingy,vejoz,carks,fldxt
racks,wingy,vejoz,bumph,fldxt
whump,casky,vejoz,bring,fldxt
whump,yacks,vejoz,bring,fldxt
casky,wring,vejoz,bumph,fldxt
wring,yacks,vejoz,bumph,fldxt
cawky,vejoz,humps,bring,fldxt
cawky,vejoz,sumph,bring,fldxt
wacky,vejoz,humps,bring,fldxt
wacky,vejoz,sumph,bring,fldxt
girns,cawky,vejoz,bumph,fldxt
grins,cawky,vejoz,bumph,fldxt
cawky,vejoz,bumph,fldxt,rings
wacky,girns,vejoz,bumph,fldxt
grins,wacky,vejoz,bumph,fldxt
wacky,vejoz,bumph,fldxt,rings
griph,cawky,vejoz,numbs,fldxt
griph,wacky,vejoz,numbs,fldxt
cawky,pings,vejoz,fldxt,rhumb
wacky,pings,vejoz,fldxt,rhumb
cawny,skimp,vejoz,brugh,fldxt
cawny,skimp,vejoz,burgh,fldxt
champ,birky,swung,vejoz,fldxt
champ,kirby,swung,vejoz,fldxt
champ,swink,vejoz,rugby,fldxt
champ,winks,vejoz,rugby,fldxt
champ,brusk,wingy,vejoz,fldxt
champ,wring,busky,vejoz,fldxt
bumpy,chark,vejoz,swing,fldxt
vejoz,bumpy,chark,wings,fldxt
bumpy,vejoz,karch,swing,fldxt
vejoz,bumpy,wings,karch,fldxt
bumps,chark,wingy,vejoz,fldxt
bumps,wingy,vejoz,karch,fldxt
rumps,bingy,chawk,vejoz,fldxt
rumps,bingy,whack,vejoz,fldxt
pungy,chawk,brims,vejoz,fldxt
pungy,whack,brims,vejoz,fldxt
spumy,chawk,vejoz,bring,fldxt
spumy,whack,vejoz,bring,fldxt
burns,chawk,gimpy,vejoz,fldxt
pigmy,burns,chawk,vejoz,fldxt
burns,whack,gimpy,vejoz,fldxt
pigmy,burns,whack,vejoz,fldxt
gimps,chawk,vejoz,burny,fldxt
gimps,chawk,runby,vejoz,fldxt
gimps,whack,vejoz,burny,fldxt
gimps,runby,whack,vejoz,fldxt
girny,chawk,bumps,vejoz,fldxt
chawk,bumps,ringy,vejoz,fldxt
girny,bumps,whack,vejoz,fldxt
bumps,whack,ringy,vejoz,fldxt
chawk,bumpy,girns,vejoz,fldxt
grins,chawk,bumpy,vejoz,fldxt
chawk,bumpy,vejoz,fldxt,rings
bumpy,girns,whack,vejoz,fldxt
grins,bumpy,whack,vejoz,fldxt
bumpy,whack,vejoz,fldxt,rings
gripy,chawk,vejoz,numbs,fldxt
gripy,whack,vejoz,numbs,fldxt
chawk,burps,mingy,vejoz,fldxt
burps,whack,mingy,vejoz,fldxt
bryum,chawk,pings,vejoz,fldxt
bryum,whack,pings,vejoz,fldxt
pirns,chawk,gumby,vejoz,fldxt
pirns,whack,gumby,vejoz,fldxt
primy,chawk,bungs,vejoz,fldxt
primy,whack,bungs,vejoz,fldxt
chawk,prims,bungy,vejoz,fldxt
chawk,bungy,vejoz,prism,fldxt
whack,prims,bungy,vejoz,fldxt
whack,bungy,vejoz,prism,fldxt
brusk,chawn,gimpy,vejoz,fldxt
brusk,pigmy,chawn,vejoz,fldxt
grimp,chawn,busky,vejoz,fldxt
skimp,chawn,vejoz,rugby,fldxt
skirp,chawn,gumby,vejoz,fldxt
prink,chaws,gumby,vejoz,fldxt
prink,chwas,gumby,vejoz,fldxt
prink,gumby,vejoz,schwa,fldxt
bumps,wring,vejoz,chyak,fldxt
bumps,wring,hacky,vejoz,fldxt
busky,vejoz,whing,fldxt,cramp
whisk,bungy,vejoz,fldxt,cramp
skiwy,crang,vejoz,bumph,fldxt
bumpy,crang,whisk,vejoz,fldxt
crank,whigs,bumpy,vejoz,fldxt
crank,whips,gumby,vejoz,fldxt
crank,whisp,gumby,vejoz,fldxt
gamps,whick,vejoz,burny,fldxt
gamps,whick,runby,vejoz,fldxt
whump,brick,vejoz,gansy,fldxt
whump,yangs,brick,vejoz,fldxt
wrick,vejoz,bumph,gansy,fldxt
yangs,wrick,vejoz,bumph,fldxt
gawby,chimp,vejoz,knurs,fldxt
gawby,rumps,chink,vejoz,fldxt
gawby,rumps,kinch,vejoz,fldxt
gawby,numps,chirk,vejoz,fldxt
gawby,chirm,vejoz,punks,fldxt
gawby,chirm,spunk,vejoz,fldxt
gawby,crimp,hunks,vejoz,fldxt
gawby,vejoz,humps,crink,fldxt
gawby,vejoz,sumph,crink,fldxt
vejoz,gawby,chump,kirns,fldxt
vejoz,gawby,rinks,chump,fldxt
gawby,knish,vejoz,crump,fldxt
gawby,punch,vejoz,fldxt,mirks
gawby,punch,smirk,vejoz,fldxt
gawby,nicks,vejoz,fldxt,murph
gawby,snick,vejoz,fldxt,murph
gawby,murks,pinch,vejoz,fldxt
pinks,gawby,churm,vejoz,fldxt
gawby,churm,vejoz,spink,fldxt
gawby,chunk,prims,vejoz,fldxt
gawby,chunk,vejoz,prism,fldxt
gawby,prink,chums,vejoz,fldxt
vejoz,gawby,skimp,churn,fldxt
gawby,skimp,runch,vejoz,fldxt
gawby,skirp,munch,vejoz,fldxt
numps,fldxt,vejoz,gawky,birch
punch,brims,vejoz,gawky,fldxt
vejoz,brins,chump,gawky,fldxt
chimb,vejoz,gawky,fldxt,snurp
spurn,chimb,vejoz,gawky,fldxt
chimp,burns,vejoz,gawky,fldxt
chirp,vejoz,numbs,gawky,fldxt
prich,vejoz,numbs,gawky,fldxt
prims,fldxt,vejoz,gawky,bunch
prism,fldxt,vejoz,gawky,bunch
bumps,rinch,vejoz,gawky,fldxt
scrin,vejoz,bumph,gawky,fldxt
vejoz,birny,chump,gawks,fldxt
vejoz,chump,gawks,briny,fldxt
chimp,vejoz,gawks,burny,fldxt
chimp,runby,vejoz,gawks,fldxt
bryum,pinch,vejoz,gawks,fldxt
primy,fldxt,vejoz,gawks,bunch
bumpy,rinch,vejoz,gawks,fldxt
vejoz,brink,gawsy,chump,fldxt
gawsy,vejoz,bumph,crink,fldxt
vejoz,whick,bumpy,gnars,fldxt
vejoz,gnars,bumph,wicky,fldxt
bumpy,gnash,wrick,vejoz,fldxt
bumpy,wrick,vejoz,hangs,fldxt
sangh,bumpy,wrick,vejoz,fldxt
shang,bumpy,wrick,vejoz,fldxt
vejoz,birky,fldxt,chump,gnaws
vejoz,kirby,fldxt,chump,gnaws
vejoz,birky,swang,chump,fldxt
vejoz,kirby,swang,chump,fldxt
humpy,brick,fldxt,vejoz,gnaws
humpy,swang,brick,vejoz,fldxt
bumpy,chirk,fldxt,vejoz,gnaws
swang,bumpy,chirk,vejoz,fldxt
picky,fldxt,vejoz,gnaws,rhumb
picky,swang,vejoz,fldxt,rhumb
ricky,fldxt,vejoz,bumph,gnaws
swang,ricky,vejoz,bumph,fldxt
swink,gracy,vejoz,bumph,fldxt
winks,gracy,vejoz,bumph,fldxt
skiwy,gramp,fldxt,vejoz,bunch
whiny,gramp,vejoz,bucks,fldxt
gramp,bucky,vejoz,whins,fldxt
vejoz,gramp,busky,winch,fldxt
graph,vejoz,wicky,numbs,fldxt
whick,vejoz,numbs,grapy,fldxt
hacks,bumpy,wring,vejoz,fldxt
bumpy,wring,shack,vejoz,fldxt
hawky,crimp,bungs,vejoz,fldxt
hawky,crumb,pings,vejoz,fldxt
bingy,hawks,vejoz,crump,fldxt
crimp,hawks,bungy,vejoz,fldxt
yamph,brick,swung,vejoz,fldxt
brick,pamhy,swung,vejoz,fldxt
brick,swung,vejoz,phyma,fldxt
yamph,bungs,wrick,vejoz,fldxt
pamhy,bungs,wrick,vejoz,fldxt
wrick,bungs,vejoz,phyma,fldxt
yamph,wring,vejoz,bucks,fldxt
wring,pamhy,vejoz,bucks,fldxt
bucks,wring,vejoz,phyma,fldxt
crumb,kaphs,wingy,vejoz,fldxt
whump,kyang,vejoz,fldxt,cribs
crumb,whips,kyang,vejoz,fldxt
whisp,crumb,kyang,vejoz,fldxt
whick,burps,vejoz,mangy,fldxt
pungs,mawky,fldxt,vejoz,birch
mawky,fldxt,vejoz,spung,birch
punch,mawky,brigs,vejoz,fldxt
mawky,burps,ching,vejoz,fldxt
mawky,chirp,bungs,vejoz,fldxt
prich,mawky,bungs,vejoz,fldxt
mawky,grips,fldxt,vejoz,bunch
mawky,fldxt,vejoz,prigs,bunch
mawky,sprig,fldxt,vejoz,bunch
burgs,mawky,pinch,vejoz,fldxt
mawky,pinch,vejoz,grubs,fldxt
pungy,mawks,fldxt,vejoz,birch
chirp,mawks,bungy,vejoz,fldxt
prich,mawks,bungy,vejoz,fldxt
gripy,mawks,fldxt,vejoz,bunch
mawks,pinch,vejoz,rugby,fldxt
burps,mckay,vejoz,whing,fldxt
whick,namby,fldxt,vejoz,sprug
packs,bryum,vejoz,whing,fldxt
bryum,fldxt,vejoz,whing,spack
packs,wingy,vejoz,fldxt,rhumb
fldxt,wingy,vejoz,spack,rhumb
pangs,bryum,whick,vejoz,fldxt
spang,bryum,whick,vejoz,fldxt
pangs,vejoz,wicky,fldxt,rhumb
spang,vejoz,wicky,fldxt,rhumb
parch,swink,gumby,vejoz,fldxt
parch,winks,gumby,vejoz,fldxt
parky,swung,chimb,vejoz,fldxt
vejoz,gumby,winch,parks,fldxt
vejoz,spark,gumby,winch,fldxt
pashm,wrick,bungy,vejoz,fldxt
phasm,wrick,bungy,vejoz,fldxt
pashm,wring,bucky,vejoz,fldxt
phasm,wring,bucky,vejoz,fldxt
pawky,munch,brigs,vejoz,fldxt
pawky,chung,brims,vejoz,fldxt
pawky,chums,vejoz,bring,fldxt
pawky,rungs,chimb,vejoz,fldxt
pawky,chirm,bungs,vejoz,fldxt
vejoz,pawky,crumb,nighs,fldxt
pawky,crumb,singh,vejoz,fldxt
chirk,fldxt,gumby,vejoz,pawns
spawn,chirk,gumby,vejoz,fldxt
fldxt,vejoz,micky,brugh,pawns
fldxt,vejoz,burgh,micky,pawns
spawn,vejoz,micky,brugh,fldxt
spawn,vejoz,burgh,micky,fldxt
pharm,fldxt,bungy,vejoz,swick
wicks,pharm,bungy,vejoz,fldxt
fldxt,bungy,vejoz,swick,prahm
wicks,bungy,vejoz,fldxt,prahm
pharm,bucky,vejoz,swing,fldxt
vejoz,pharm,bucky,wings,fldxt
bucky,vejoz,swing,fldxt,prahm
vejoz,bucky,wings,fldxt,prahm
pharm,bungs,vejoz,wicky,fldxt
bungs,vejoz,wicky,fldxt,prahm
pharm,wingy,vejoz,bucks,fldxt
wingy,vejoz,bucks,fldxt,prahm
whick,prams,bungy,vejoz,fldxt
ramps,whick,bungy,vejoz,fldxt
sparm,whick,bungy,vejoz,fldxt
prams,bucky,vejoz,whing,fldxt
ramps,bucky,vejoz,whing,fldxt
sparm,bucky,vejoz,whing,fldxt
whims,prang,bucky,vejoz,fldxt
prawn,hicks,gumby,vejoz,fldxt
prawn,gumby,vejoz,shick,fldxt
pshaw,mungy,brick,vejoz,fldxt
vejoz,mungy,brick,whaps,fldxt
mucky,pshaw,vejoz,bring,fldxt
mucky,vejoz,whaps,bring,fldxt
pshaw,gumby,vejoz,crink,fldxt
vejoz,gumby,whaps,crink,fldxt
rawky,pungs,chimb,vejoz,fldxt
rawky,chimb,vejoz,spung,fldxt
rawky,chimp,bungs,vejoz,fldxt
rawky,bumps,ching,vejoz,fldxt
rawky,gimps,fldxt,vejoz,bunch
pungy,brick,shawm,vejoz,fldxt
pungy,brick,vejoz,whams,fldxt
shawm,prick,bungy,vejoz,fldxt
prick,bungy,vejoz,whams,fldxt
grimp,shawn,bucky,vejoz,fldxt
prick,shawn,gumby,vejoz,fldxt
bingy,swack,vejoz,fldxt,murph
wacks,bingy,vejoz,fldxt,murph
humpy,swack,vejoz,bring,fldxt
humpy,wacks,vejoz,bring,fldxt
girny,swack,vejoz,bumph,fldxt
swack,ringy,vejoz,bumph,fldxt
girny,wacks,vejoz,bumph,fldxt
wacks,ringy,vejoz,bumph,fldxt
vejoz,gunky,fldxt,swamp,birch
vejoz,fldxt,kyung,swamp,birch
vejoz,chung,birky,swamp,fldxt
vejoz,chung,kirby,swamp,fldxt
vejoz,chink,swamp,rugby,fldxt
vejoz,kinch,swamp,rugby,fldxt
vejoz,chirk,bungy,swamp,fldxt
nicky,vejoz,swamp,brugh,fldxt
nicky,vejoz,swamp,burgh,fldxt
swank,grump,bichy,vejoz,fldxt
swank,chimp,vejoz,rugby,fldxt
swank,chirp,gumby,vejoz,fldxt
swank,prich,gumby,vejoz,fldxt
swank,vejoz,bumph,gyric,fldxt
vejoz,wanky,brigs,chump,fldxt
wanky,fldxt,chimb,vejoz,sprug
wanky,chimp,burgs,vejoz,fldxt
wanky,chimp,vejoz,grubs,fldxt
chubs,wanky,grimp,vejoz,fldxt
wanky,grimp,vejoz,subch,fldxt
bunks,warch,gimpy,vejoz,fldxt
pigmy,bunks,warch,vejoz,fldxt
vejoz,warch,bumpy,ginks,fldxt
kings,warch,bumpy,vejoz,fldxt
pinks,warch,gumby,vejoz,fldxt
warch,gumby,vejoz,spink,fldxt
skimp,warch,bungy,vejoz,fldxt
vejoz,bingy,chump,warks,fldxt
pungy,chimb,vejoz,warks,fldxt
chimp,bungy,vejoz,warks,fldxt
bumpy,ching,vejoz,warks,fldxt
fldxt,gimpy,vejoz,warks,bunch
pigmy,fldxt,vejoz,warks,bunch
vejoz,gynic,bumph,warks,fldxt
gumby,pinch,vejoz,warks,fldxt
gunky,chimb,vejoz,warps,fldxt
kyung,chimb,vejoz,warps,fldxt
gunky,wraps,chimb,vejoz,fldxt
wraps,kyung,chimb,vejoz,fldxt
chink,gumby,vejoz,warps,fldxt
kinch,gumby,vejoz,warps,fldxt
chink,wraps,gumby,vejoz,fldxt
wraps,kinch,gumby,vejoz,fldxt
bingy,rucks,whamp,vejoz,fldxt
gucks,whamp,birny,vejoz,fldxt
gucks,whamp,vejoz,briny,fldxt
yucks,whamp,vejoz,bring,fldxt
gunky,whamp,vejoz,fldxt,cribs
whamp,kyung,vejoz,fldxt,cribs
vejoz,brusk,whamp,gynic,fldxt
vejoz,curby,whamp,ginks,fldxt
kings,curby,whamp,vejoz,fldxt
bunks,whamp,vejoz,gyric,fldxt
girny,whamp,vejoz,bucks,fldxt
ringy,whamp,vejoz,bucks,fldxt
girns,whamp,bucky,vejoz,fldxt
grins,whamp,bucky,vejoz,fldxt
whamp,bucky,vejoz,fldxt,rings
nicky,burgs,whamp,vejoz,fldxt
nicky,whamp,vejoz,grubs,fldxt
nicks,whamp,vejoz,rugby,fldxt
snick,whamp,vejoz,rugby,fldxt
ricky,whamp,bungs,vejoz,fldxt
whamp,ricks,bungy,vejoz,fldxt
spumy,brick,whang,vejoz,fldxt
crimp,busky,whang,vejoz,fldxt
burps,whang,vejoz,micky,fldxt
bryum,picks,whang,vejoz,fldxt
bryum,whang,vejoz,fldxt,spick
crumb,pisky,whang,vejoz,fldxt
crumb,spiky,whang,vejoz,fldxt
primy,whang,vejoz,bucks,fldxt
prims,bucky,whang,vejoz,fldxt
bucky,whang,vejoz,prism,fldxt
ricky,bumps,whang,vejoz,fldxt
bumpy,ricks,whang,vejoz,fldxt
skimp,curby,whang,vejoz,fldxt
gumby,crips,vejoz,whank,fldxt
crisp,gumby,vejoz,whank,fldxt
scrip,gumby,vejoz,whank,fldxt
curbs,gimpy,vejoz,whank,fldxt
gimpy,vejoz,whank,fldxt,scrub
pigmy,curbs,vejoz,whank,fldxt
pigmy,vejoz,whank,fldxt,scrub
gimps,curby,vejoz,whank,fldxt
crumb,gipsy,vejoz,whank,fldxt
bumps,vejoz,whank,gyric,fldxt
mucks,bingy,wharp,vejoz,fldxt
bungs,wharp,vejoz,micky,fldxt
vejoz,micks,wharp,bungy,fldxt
mingy,wharp,vejoz,bucks,fldxt
nicks,gumby,wharp,vejoz,fldxt
snick,gumby,wharp,vejoz,fldxt
bingy,vejoz,humps,wrack,fldxt
bingy,vejoz,sumph,wrack,fldxt
bumps,hying,vejoz,wrack,fldxt
vejoz,bumpy,nighs,wrack,fldxt
singh,bumpy,vejoz,wrack,fldxt
gunks,fldxt,bichy,vejoz,wramp
bingy,fldxt,vejoz,hucks,wramp
shuck,bingy,fldxt,vejoz,wramp
ching,fldxt,busky,vejoz,wramp
hicky,bungs,fldxt,vejoz,wramp
hicks,fldxt,bungy,vejoz,wramp
fldxt,bungy,vejoz,shick,wramp
fldxt,hying,vejoz,bucks,wramp
vejoz,bucky,fldxt,nighs,wramp
singh,bucky,fldxt,vejoz,wramp
chimp,busky,vejoz,wrang,fldxt
hicky,bumps,vejoz,wrang,fldxt
bumpy,hicks,vejoz,wrang,fldxt
bumpy,vejoz,wrang,shick,fldxt
flung,vejoz,ampyx,hdqrs,twick
flump,vejoz,bangy,hdqrs,twick
plumb,vejoz,hdqrs,fangy,twick
pungy,flamb,vejoz,hdqrs,twick
bumpy,flang,vejoz,hdqrs,twick
lampf,bungy,vejoz,hdqrs,twick
bumpy,twang,flick,vejoz,hdqrs
flimp,twang,bucky,vejoz,hdqrs
vower,zings,jacky,bumph,fldxt
vower,jacks,zingy,bumph,fldxt
knyaz,fldxt,mowch,supvr,bejig
vrows,knyaz,chump,fldxt,bejig
klutz,fconv,ampyx,hdqrs,bejig
gconv,pawky,bemix,fultz,hdqrs
bewig,klutz,fconv,ampyx,hdqrs
bewig,japyx,klutz,fconv,hdqrs
flock,bewig,japyx,muntz,hdqrs
chawk,fldxt,bizen,jumps,grovy
whack,fldxt,bizen,jumps,grovy
zineb,chawk,fldxt,jumps,grovy
zineb,whack,fldxt,jumps,grovy
chowk,gravy,bizen,jumps,fldxt
chowk,zineb,gravy,jumps,fldxt
whump,jocks,gravy,bizen,fldxt
whump,zineb,jocks,gravy,fldxt
whump,jacks,fldxt,bizen,grovy
whump,zineb,jacks,fldxt,grovy
gowks,chump,bizen,jarvy,fldxt
zineb,gowks,chump,jarvy,fldxt
gucks,whomp,bizen,jarvy,fldxt
gucks,whomp,zineb,jarvy,fldxt
zygon,chawk,brevi,jumps,fldxt
zygon,whack,brevi,jumps,fldxt
whump,zygon,jacks,brevi,fldxt
qophs,given,jumby,wrack,fldxt
whump,brack,zygon,fldxt,jives
zygon,bumph,wrack,fldxt,jives
vughs,brack,jowpy,mizen,fldxt
vughs,brack,jowpy,zemni,fldxt
gconv,hawks,jumby,prize,fldxt
chowk,vangs,jumby,prize,fldxt
dwarf,muntz,jocks,glyph,vibex
fjord,muntz,swack,glyph,vibex
fjord,wacks,muntz,glyph,vibex
muntz,jowpy,flack,vibex,hdqrs
muntz,jowpy,glack,vibex,hdqrs
flock,twang,jumpy,vibex,hdqrs
waltz,gunky,fcomp,vibex,hdqrs
waltz,fcomp,kyung,vibex,hdqrs
waltz,fcomp,junky,vibex,hdqrs
gucks,waltz,fjord,nymph,vibex
fldxt,jacky,vinew,bumph,grosz
gawby,klutz,vixen,fcomp,hdqrs
jocks,gravy,bumph,winze,fldxt
jocks,gravy,bumph,wizen,fldxt
jacks,fldxt,bumph,winze,grovy
jacks,fldxt,bumph,wizen,grovy
zygon,jacks,bumph,wiver,fldxt
zygon,jacks,wrive,bumph,fldxt
nymph,gibus,vejoz,wrack,fldxt
nymph,gucki,braws,vejoz,fldxt
kumbi,psych,vejoz,wrang,fldxt
gryph,minbu,swack,vejoz,fldxt
gryph,wacks,minbu,vejoz,fldxt
quick,gryph,woven,jambs,fldxt
quick,nymph,brags,vejoz,fldxt
quick,nymph,vejoz,garbs,fldxt
quick,nymph,vejoz,grabs,fldxt
quick,nymph,braws,vejoz,fldxt
squib,nymph,vejoz,wrack,fldxt
nymph,urbic,vejoz,gawks,fldxt
jimpy,quawk,fldxt,bench,grosz
chimp,quawk,benjy,fldxt,grosz
vrows,uzbak,jimpy,cheng,fldxt
uzbak,jowpy,cheng,mirvs,fldxt
gconv,herbs,jimpy,quawk,fldxt
kemps,zygon,bruja,fldxt,chivw
zygon,skemp,bruja,fldxt,chivw
perks,zygon,jumba,fldxt,chivw
shrew,gconv,uzbak,jimpy,fldxt
gconv,uzbak,jimpy,wersh,fldxt
chomp,zings,verby,quawk,fldxt
zings,whomp,quack,verby,fldxt
verbs,chimp,zygon,quawk,fldxt
chomp,verbs,quawk,zingy,fldxt
verbs,whomp,quack,zingy,fldxt
qophs,jumba,wreck,fldxt,vying
qophs,zingy,jumba,wreck,fldxt
flock,expwy,vingt,jumba,hdqrs
gazon,jerky,bumps,fldxt,chivw
jerky,bumps,zogan,fldxt,chivw
jerks,gazon,bumpy,fldxt,chivw
jerks,bumpy,zogan,fldxt,chivw
gazon,kerbs,jumpy,fldxt,chivw
krebs,gazon,jumpy,fldxt,chivw
zogan,kerbs,jumpy,fldxt,chivw
krebs,zogan,jumpy,fldxt,chivw
perks,gazon,jumby,fldxt,chivw
perks,jumby,zogan,fldxt,chivw
verby,gazon,whick,jumps,fldxt
whick,fldxt,zogan,jumps,verby
verbs,gazon,whick,jumpy,fldxt
verbs,whick,zogan,jumpy,fldxt
zings,whump,verby,jacko,fldxt
verbs,whump,jacko,zingy,fldxt
zings,wyver,jacko,bumph,fldxt
fldxt,jakob,enzym,sprug,chivw
zings,wyver,chump,jakob,fldxt
zings,whump,jerky,vocab,fldxt
whump,jerks,vocab,zingy,fldxt
whing,becky,voraz,jumps,fldxt
becks,whing,jumpy,voraz,fldxt
whing,pecks,jumby,voraz,fldxt
speck,whing,jumby,voraz,fldxt
zambo,junks,grype,fldxt,chivw
pungs,jerky,zambo,fldxt,chivw
jerky,zambo,spung,fldxt,chivw
pungy,jerks,zambo,fldxt,chivw
whump,avick,benjy,fldxt,grosz
expwy,bigam,klutz,fconv,hdqrs
gconv,whump,kerbs,jizya,fldxt
gconv,krebs,whump,jizya,fldxt
gconv,kafiz,exptl,jumby,hdqrs
navig,qophs,jumby,wreck,fldxt
nazim,vughs,jowpy,breck,fldxt
vughs,jowpy,nizam,breck,fldxt
becks,whump,zygon,rajiv,fldxt
gconv,sabzi,whump,jerky,fldxt
gconv,whump,jerky,saqib,fldxt
gconv,jerky,swazi,bumph,fldxt
gconv,exptl,jumby,wakif,hdqrs
chowk,verby,zigan,jumps,fldxt
whump,verby,jocks,zigan,fldxt
chowk,verbs,jumpy,zigan,fldxt
wyver,jocks,bumph,zigan,fldxt
qophs,jumby,zigan,wreck,fldxt
baken,fldxt,jumpy,grosz,chivw
zygon,baker,jumps,fldxt,chivw
zygon,brake,jumps,fldxt,chivw
break,zygon,jumps,fldxt,chivw
zygon,kebar,jumps,fldxt,chivw
gconv,jimpy,qursh,bawke,fldxt
gconv,jimpy,fultz,hdqrs,bawke
zygon,wrick,behav,jumps,fldxt
whump,bejan,vicky,fldxt,grosz
bezan,whick,fldxt,jumps,grovy
whick,zygon,brave,jumps,fldxt
whick,zygon,breva,jumps,fldxt
chowk,brave,zingy,jumps,fldxt
chowk,zingy,breva,jumps,fldxt
whump,jocks,brave,zingy,fldxt
whump,jocks,zingy,breva,fldxt
zings,chowk,brave,jumpy,fldxt
zings,chowk,jumpy,breva,fldxt
chowk,braze,jumps,fldxt,vying
chowk,zebra,jumps,fldxt,vying
whump,jocks,braze,fldxt,vying
whump,jocks,zebra,fldxt,vying
gconv,whisk,braze,jumpy,fldxt
gconv,zebra,whisk,jumpy,fldxt
qophs,evang,jumby,wrick,fldxt
qophs,jumby,ganev,wrick,fldxt
qophs,vegan,jumby,wrick,fldxt
gazer,jumpy,bonks,fldxt,chivw
gazer,knobs,jumpy,fldxt,chivw
graze,jumpy,bonks,fldxt,chivw
graze,knobs,jumpy,fldxt,chivw
gazer,jumby,knops,fldxt,chivw
gazer,jumby,knosp,fldxt,chivw
graze,jumby,knops,fldxt,chivw
graze,jumby,knosp,fldxt,chivw
bronk,gazes,jumpy,fldxt,chivw
jahve,zygon,bumps,wrick,fldxt
punky,fldxt,jambe,grosz,chivw
qophs,wrung,vicky,jambe,fldxt
whick,zygon,fldxt,jambe,supvr
chowk,zingy,fldxt,jambe,supvr
zygon,fldxt,javer,bumph,swick
wicks,zygon,javer,bumph,fldxt
whick,zygon,bumps,javer,fldxt
zincy,gowks,javer,bumph,fldxt
whump,zingy,javer,fldxt,bocks
chowk,bumps,zingy,javer,fldxt
whomp,zingy,javer,bucks,fldxt
zings,chowk,bumpy,javer,fldxt
zings,whomp,bucky,javer,fldxt
gconv,whump,birks,fldxt,jazey
gconv,whump,brisk,fldxt,jazey
jazey,grump,bonks,fldxt,chivw
jazey,grump,knobs,fldxt,chivw
karez,bongs,jumpy,fldxt,chivw
karez,spong,jumby,fldxt,chivw
karez,gconv,whips,jumby,fldxt
gconv,karez,whisp,jumby,fldxt
jumby,fldxt,knape,grosz,chivw
jumby,fldxt,pekan,grosz,chivw
njave,whick,bumpy,fldxt,grosz
njave,fldxt,bumph,wicky,grosz
qophs,njave,wrick,gumby,fldxt
zings,chowk,parve,jumby,fldxt
zings,chowk,jumby,paver,fldxt
zings,chowk,verpa,jumby,fldxt
whick,jumby,fldxt,paven,grosz
brock,vughs,jimpy,wanze,fldxt
wanze,vicky,borgh,jumps,fldxt
wanze,brogh,vicky,jumps,fldxt
wanze,ghbor,vicky,jumps,fldxt
jocks,warve,zingy,bumph,fldxt
jocks,waver,zingy,bumph,fldxt
nymph,fldxt,burga,vejoz,swick
wicks,nymph,burga,vejoz,fldxt
gryph,manqu,fldxt,vejoz,swick
wicks,gryph,manqu,vejoz,fldxt
nymph,quack,brigs,vejoz,fldxt
nymph,quags,brick,vejoz,fldxt
nymph,quags,wrick,vejoz,fldxt
nymph,brigs,quawk,vejoz,fldxt
nymph,quawk,vejoz,fldxt,cribs
quawk,psych,vejoz,bring,fldxt
synch,grimp,quawk,vejoz,fldxt
nymph,squab,wrick,vejoz,fldxt
nymph,brick,squaw,vejoz,fldxt
vrows,nymph,quack,fldxt,bejig
quick,njave,wombs,gryph,fldxt
